nome_modelo,mse,rmse,tempo_consumo (ns),desvio_tempo,memoria_consumo (mb),memoria_max (mb),desvio_memoria
ViTime_30_seg_fixed,19.905427994267697,4.461549954249946,279248148.23333335,43936700.28363865,7.257715288798014,7.27781867980957,0.0037331908887467
ViTime_1_min_fixed,62.0631394821644,7.878016214895998,283687729.23333335,66391523.98079173,7.257715288798014,7.27781867980957,0.0037331908887467
ViTime_5_min_fixed,48.255494440221085,6.946617481927521,282328626.3333333,49742511.07914921,7.257715288798014,7.27781867980957,0.0037331908887467
ViTime_10_min_fixed,431.3792693723988,20.769671864822495,286885246.23333335,48526861.96484402,7.257715288798014,7.27781867980957,0.0037331908887467307
