nome_modelo,Real,Previsto
ViTime_30_seg_moving,51,54.945776306575624
,50,55.392927376542374
,50,55.58573929284843
,51,56.41568027198683
,54,57.53109852184679
,57,58.334548667958856
