nome_modelo,Real,Previsto
ViTime_full_30_seg,51,47.95545381423648
,50,47.81201631725174
,50,47.668578820266994
,51,47.525141323282256
,54,47.38170382629751
,57,47.23826632931277
